[
    {
        "path": "404.html",
        "type": "file",
        "md5": "d140af797813225667f4f9365243bbfb"
    },
    {
        "path": "assets",
        "type": "directory",
        "md5": false
    },
    {
        "path": "assets/css",
        "type": "directory",
        "md5": false
    },
    {
        "path": "/assets/css/editor.css",
        "type": "file",
        "md5": "4202808df745f2ac7ab250606fa0d272"
    },
    {
        "path": "/assets/css/main.css",
        "type": "file",
        "md5": "4e673e4aff4cb8371a06570c3ba75d06"
    },
    {
        "path": "/assets/css/photoswipe.css",
        "type": "file",
        "md5": "7331f6eb15671b2fc8e3ffd46e849f7b"
    },
    {
        "path": "/assets/css/style.css",
        "type": "file",
        "md5": "d71082c2adb55b2b50d2d115a8616639"
    },
    {
        "path": "assets/js",
        "type": "directory",
        "md5": false
    },
    {
        "path": "/assets/js/photoswipe-ui-default.min.js",
        "type": "file",
        "md5": "9952f77ca2b8fbc9449a268008ea8dee"
    },
    {
        "path": "/assets/js/photoswipe.min.js",
        "type": "file",
        "md5": "b586a3bc288c989ecce7b81b48e35855"
    },
    {
        "path": "/assets/js/scripts.js",
        "type": "file",
        "md5": "932f325ea2f7fb1467e84c97f137e0f9"
    },
    {
        "path": "/assets/js/scripts.min.js",
        "type": "file",
        "md5": "f4c4d35432d0e17d212f2fae4e0f8247"
    },
    {
        "path": "/assets/js/svg-fix.js",
        "type": "file",
        "md5": "9b7d020c55e2b4f77ab40c97f88f9ff4"
    },
    {
        "path": "/assets/js/svg-map.js",
        "type": "file",
        "md5": "3fc55b509d613f5e49db25528dfafee1"
    },
    {
        "path": "assets/svg",
        "type": "directory",
        "md5": false
    },
    {
        "path": "/assets/svg/gallery-icons-dark.svg",
        "type": "file",
        "md5": "b40f17fabcda1519011795fa715c5751"
    },
    {
        "path": "/assets/svg/gallery-icons-light.svg",
        "type": "file",
        "md5": "ae5b8ffffb37a64a9be016441a42d939"
    },
    {
        "path": "/assets/svg/search.svg",
        "type": "file",
        "md5": "a5bb83b82b98f41b359f20dbf9db6e44"
    },
    {
        "path": "/assets/svg/svg-map.svg",
        "type": "file",
        "md5": "3c5bef20cd9e16841afe49cf089a6c20"
    },
    {
        "path": "authors",
        "type": "directory",
        "md5": false
    },
    {
        "path": "authors/dan",
        "type": "directory",
        "md5": false
    },
    {
        "path": "/authors/dan/index.html",
        "type": "file",
        "md5": "963b4ae461be9f72c4b75ec409800ff4"
    },
    {
        "path": "index.html",
        "type": "file",
        "md5": "75573d503aff3a03a3a1f1b904867f46"
    },
    {
        "path": "kuwait-tower-visit.html",
        "type": "file",
        "md5": "2ccea392d387ef6eb02c546099bf87fd"
    },
    {
        "path": "media",
        "type": "directory",
        "md5": false
    },
    {
        "path": "media/authors",
        "type": "directory",
        "md5": false
    },
    {
        "path": "media/files",
        "type": "directory",
        "md5": false
    },
    {
        "path": "media/posts",
        "type": "directory",
        "md5": false
    },
    {
        "path": "media/posts/2",
        "type": "directory",
        "md5": false
    },
    {
        "path": "media/posts/2/gallery",
        "type": "directory",
        "md5": false
    },
    {
        "path": "/media/posts/2/gallery/20201016_154001-3-thumbnail.jpg",
        "type": "file",
        "md5": "c28aba10e10d273c6bc8730b56755c53"
    },
    {
        "path": "/media/posts/2/gallery/20201016_154001-3.jpg",
        "type": "file",
        "md5": "de878cb325eb4d803b077b77af4589e7"
    },
    {
        "path": "/media/posts/2/gallery/20201016_165022-2-thumbnail.jpg",
        "type": "file",
        "md5": "1f537c56de8c1c5a06db5597cc18c021"
    },
    {
        "path": "/media/posts/2/gallery/20201016_165022-2.jpg",
        "type": "file",
        "md5": "28278c3f28b8c58ba24044a24bcc37cb"
    },
    {
        "path": "/media/posts/2/gallery/masrur-rahman-ICJkwztWGcI-unsplash-thumbnail.jpg",
        "type": "file",
        "md5": "b8394fffdcfe00c3e619ebeae3e69bec"
    },
    {
        "path": "/media/posts/2/gallery/masrur-rahman-ICJkwztWGcI-unsplash.jpg",
        "type": "file",
        "md5": "384640b9af53e7fbadf7f576d7b66c9e"
    },
    {
        "path": "/media/posts/2/gallery/masrur-rahman-RvBN5Maxg5c-unsplash-thumbnail.jpg",
        "type": "file",
        "md5": "0f45f5f58c1c07828929c00e08054383"
    },
    {
        "path": "/media/posts/2/gallery/masrur-rahman-RvBN5Maxg5c-unsplash.jpg",
        "type": "file",
        "md5": "791c8f04448664daf270bc9e393d234e"
    },
    {
        "path": "media/posts/2/responsive",
        "type": "directory",
        "md5": false
    },
    {
        "path": "media/tags",
        "type": "directory",
        "md5": false
    },
    {
        "path": "media/website",
        "type": "directory",
        "md5": false
    },
    {
        "path": "robots.txt",
        "type": "file",
        "md5": "99840d28353d9f5d19e1c16bc907c73d"
    },
    {
        "path": "search.html",
        "type": "file",
        "md5": "21acb74473fd3ca87ae310c7cb564a6e"
    },
    {
        "path": "tags",
        "type": "directory",
        "md5": false
    },
    {
        "path": "/tags/index.html",
        "type": "file",
        "md5": "14e2b8d4f8f6e09a0b4d3e2724276fd6"
    }
]